Username,Email,First Name,Last Name,Status,Groups,Roles,Custom Attributes,Created Date,Last Updated,Last Login,username,email
user1,user1@example.com,User,1,Active,Default Group,User,Custom Value,2024-08-19,2024-12-18,2024-08-19,user_1754750881_0_9943,user_1754750881_0_9943@example.com
user2,user2@example.com,User,2,Active,Default Group,User,Custom Value,2025-07-24,2024-10-30,2024-10-21,user_1754750881_1_3386,user_1754750881_1_3386@example.com
user3,user3@example.com,User,3,Active,Default Group,User,Custom Value,2024-12-13,2025-08-28,2025-04-05,user_1754750881_2_8557,user_1754750881_2_8557@example.com
user4,user4@example.com,User,4,Active,Default Group,User,Custom Value,2025-04-04,2025-02-02,2024-11-30,user_1754750881_3_4023,user_1754750881_3_4023@example.com
user5,user5@example.com,User,5,Active,Default Group,User,Custom Value,2024-08-30,2025-02-15,2025-02-04,user_1754750881_4_6727,user_1754750881_4_6727@example.com
user6,user6@example.com,User,6,Active,Default Group,User,Custom Value,2025-07-23,2025-06-22,2025-04-29,user_1754750881_5_9743,user_1754750881_5_9743@example.com
user7,user7@example.com,User,7,Active,Default Group,User,Custom Value,2024-08-23,2024-12-16,2025-05-16,user_1754750881_6_5080,user_1754750881_6_5080@example.com
user8,user8@example.com,User,8,Active,Default Group,User,Custom Value,2025-01-25,2025-06-30,2025-03-15,user_1754750881_7_8390,user_1754750881_7_8390@example.com
user9,user9@example.com,User,9,Active,Default Group,User,Custom Value,2024-12-14,2025-02-23,2025-09-07,user_1754750881_8_8579,user_1754750881_8_8579@example.com
user10,user10@example.com,User,10,Disabled,Default Group,User,Custom Value,2025-04-21,2024-11-10,2025-06-22,user_1754750881_9_2139,user_1754750881_9_2139@example.com
user11,user11@example.com,User,11,Active,Default Group,User,Custom Value,2025-07-01,2025-07-21,2024-12-16,user_1754750881_10_8445,user_1754750881_10_8445@example.com
user12,user12@example.com,User,12,Active,Default Group,User,Custom Value,2024-09-22,2025-06-23,2024-10-05,user_1754750881_11_9105,user_1754750881_11_9105@example.com
user13,user13@example.com,User,13,Active,Default Group,User,Custom Value,2024-12-30,2024-09-08,2025-02-26,user_1754750881_12_1569,user_1754750881_12_1569@example.com
user14,user14@example.com,User,14,Active,Default Group,User,Custom Value,2024-11-12,2024-12-06,2025-05-03,user_1754750881_13_1093,user_1754750881_13_1093@example.com
user15,user15@example.com,User,15,Active,Default Group,User,Custom Value,2024-09-02,2024-09-16,2025-06-15,user_1754750881_14_3885,user_1754750881_14_3885@example.com
user16,user16@example.com,User,16,Active,Default Group,User,Custom Value,2025-01-19,2025-05-04,2025-08-15,user_1754750881_15_9986,user_1754750881_15_9986@example.com
user17,user17@example.com,User,17,Active,Default Group,User,Custom Value,2025-01-16,2024-10-05,2025-06-30,user_1754750881_16_1463,user_1754750881_16_1463@example.com
user18,user18@example.com,User,18,Active,Default Group,User,Custom Value,2025-07-26,2024-10-07,2025-01-01,user_1754750881_17_6320,user_1754750881_17_6320@example.com
user19,user19@example.com,User,19,Active,Default Group,User,Custom Value,2024-12-25,2024-12-28,2025-06-14,user_1754750881_18_3998,user_1754750881_18_3998@example.com
user20,user20@example.com,User,20,Disabled,Default Group,User,Custom Value,2024-11-24,2024-11-20,2025-06-20,user_1754750881_19_9683,user_1754750881_19_9683@example.com
user21,user21@example.com,User,21,Active,Default Group,User,Custom Value,2025-01-09,2025-02-05,2025-09-01,user_1754750881_20_3366,user_1754750881_20_3366@example.com
user22,user22@example.com,User,22,Active,Default Group,User,Custom Value,2025-05-27,2024-12-03,2025-04-12,user_1754750881_21_2035,user_1754750881_21_2035@example.com
user23,user23@example.com,User,23,Active,Default Group,User,Custom Value,2025-05-09,2024-09-20,2025-02-11,user_1754750881_22_1666,user_1754750881_22_1666@example.com
user24,user24@example.com,User,24,Active,Default Group,User,Custom Value,2025-06-13,2024-08-30,2025-04-30,user_1754750881_23_3932,user_1754750881_23_3932@example.com
user25,user25@example.com,User,25,Active,Default Group,User,Custom Value,2025-02-01,2025-07-02,2024-08-25,user_1754750881_24_3698,user_1754750881_24_3698@example.com
user26,user26@example.com,User,26,Active,Default Group,User,Custom Value,2024-12-16,2025-05-30,2025-03-02,user_1754750881_25_6223,user_1754750881_25_6223@example.com
user27,user27@example.com,User,27,Active,Default Group,User,Custom Value,2024-11-19,2025-02-26,2025-06-04,user_1754750881_26_5699,user_1754750881_26_5699@example.com
user28,user28@example.com,User,28,Active,Default Group,User,Custom Value,2025-02-25,2024-12-03,2025-06-09,user_1754750881_27_8232,user_1754750881_27_8232@example.com
user29,user29@example.com,User,29,Active,Default Group,User,Custom Value,2024-10-20,2025-07-10,2025-05-25,user_1754750881_28_9741,user_1754750881_28_9741@example.com
user30,user30@example.com,User,30,Disabled,Default Group,User,Custom Value,2024-09-16,2024-10-04,2025-05-02,user_1754750881_29_1794,user_1754750881_29_1794@example.com
user31,user31@example.com,User,31,Active,Default Group,User,Custom Value,2024-09-06,2024-10-04,2025-08-01,user_1754750881_30_2589,user_1754750881_30_2589@example.com
user32,user32@example.com,User,32,Active,Default Group,User,Custom Value,2025-01-16,2024-10-11,2025-01-29,user_1754750881_31_3762,user_1754750881_31_3762@example.com
user33,user33@example.com,User,33,Active,Default Group,User,Custom Value,2024-08-27,2025-07-17,2025-02-07,user_1754750881_32_6040,user_1754750881_32_6040@example.com
user34,user34@example.com,User,34,Active,Default Group,User,Custom Value,2024-09-08,2025-03-15,2024-11-18,user_1754750881_33_8766,user_1754750881_33_8766@example.com
user35,user35@example.com,User,35,Active,Default Group,User,Custom Value,2025-01-21,2025-04-09,2025-06-15,user_1754750881_34_2138,user_1754750881_34_2138@example.com
user36,user36@example.com,User,36,Active,Default Group,User,Custom Value,2024-11-02,2025-05-04,2025-05-09,user_1754750881_35_7093,user_1754750881_35_7093@example.com
user37,user37@example.com,User,37,Active,Default Group,User,Custom Value,2025-01-17,2025-03-10,2024-11-12,user_1754750881_36_2212,user_1754750881_36_2212@example.com
user38,user38@example.com,User,38,Active,Default Group,User,Custom Value,2025-04-12,2024-12-24,2025-01-01,user_1754750881_37_8714,user_1754750881_37_8714@example.com
user39,user39@example.com,User,39,Active,Default Group,User,Custom Value,2024-09-22,2024-12-10,2024-11-06,user_1754750881_38_9591,user_1754750881_38_9591@example.com
user40,user40@example.com,User,40,Disabled,Default Group,User,Custom Value,2024-10-18,2025-04-01,2025-01-03,user_1754750881_39_9246,user_1754750881_39_9246@example.com
user41,user41@example.com,User,41,Active,Default Group,User,Custom Value,2025-01-17,2025-02-26,2025-04-17,user_1754750881_40_6032,user_1754750881_40_6032@example.com
user42,user42@example.com,User,42,Active,Default Group,User,Custom Value,2024-09-19,2024-12-26,2024-09-16,user_1754750881_41_8852,user_1754750881_41_8852@example.com
user43,user43@example.com,User,43,Active,Default Group,User,Custom Value,2025-08-05,2024-08-21,2024-12-11,user_1754750881_42_5673,user_1754750881_42_5673@example.com
user44,user44@example.com,User,44,Active,Default Group,User,Custom Value,2025-03-25,2025-02-24,2025-01-18,user_1754750881_43_1442,user_1754750881_43_1442@example.com
user45,user45@example.com,User,45,Active,Default Group,User,Custom Value,2025-01-09,2025-08-08,2025-06-20,user_1754750881_44_8236,user_1754750881_44_8236@example.com
user46,user46@example.com,User,46,Active,Default Group,User,Custom Value,2024-11-20,2025-03-29,2025-06-04,user_1754750881_45_1416,user_1754750881_45_1416@example.com
user47,user47@example.com,User,47,Active,Default Group,User,Custom Value,2025-02-04,2025-04-27,2025-05-06,user_1754750881_46_3458,user_1754750881_46_3458@example.com
user48,user48@example.com,User,48,Active,Default Group,User,Custom Value,2024-09-01,2024-12-27,2024-10-29,user_1754750881_47_2269,user_1754750881_47_2269@example.com
user49,user49@example.com,User,49,Active,Default Group,User,Custom Value,2025-03-28,2025-05-22,2024-10-04,user_1754750881_48_8982,user_1754750881_48_8982@example.com
user50,user50@example.com,User,50,Disabled,Default Group,User,Custom Value,2024-12-29,2024-12-27,2025-06-06,user_1754750881_49_3052,user_1754750881_49_3052@example.com
user51,user51@example.com,User,51,Active,Default Group,User,Custom Value,2024-12-26,2025-04-26,2024-12-11,user_1754750881_50_6712,user_1754750881_50_6712@example.com
user52,user52@example.com,User,52,Active,Default Group,User,Custom Value,2024-10-14,2025-08-12,2025-02-25,user_1754750881_51_8377,user_1754750881_51_8377@example.com
user53,user53@example.com,User,53,Active,Default Group,User,Custom Value,2025-06-17,2025-07-05,2024-09-24,user_1754750881_52_8279,user_1754750881_52_8279@example.com
user54,user54@example.com,User,54,Active,Default Group,User,Custom Value,2024-09-25,2024-09-23,2025-07-11,user_1754750881_53_3222,user_1754750881_53_3222@example.com
user55,user55@example.com,User,55,Active,Default Group,User,Custom Value,2025-01-07,2025-04-08,2024-10-05,user_1754750881_54_7681,user_1754750881_54_7681@example.com
user56,user56@example.com,User,56,Active,Default Group,User,Custom Value,2025-01-21,2025-04-29,2025-01-08,user_1754750881_55_1118,user_1754750881_55_1118@example.com
user57,user57@example.com,User,57,Active,Default Group,User,Custom Value,2025-06-25,2025-02-11,2024-09-30,user_1754750881_56_7915,user_1754750881_56_7915@example.com
user58,user58@example.com,User,58,Active,Default Group,User,Custom Value,2025-04-16,2025-06-18,2025-06-11,user_1754750881_57_6824,user_1754750881_57_6824@example.com
user59,user59@example.com,User,59,Active,Default Group,User,Custom Value,2025-05-20,2025-08-03,2025-01-01,user_1754750881_58_3760,user_1754750881_58_3760@example.com
user60,user60@example.com,User,60,Disabled,Default Group,User,Custom Value,2024-08-13,2025-04-14,2025-01-07,user_1754750881_59_3691,user_1754750881_59_3691@example.com
user61,user61@example.com,User,61,Active,Default Group,User,Custom Value,2025-02-06,2024-09-11,2025-05-17,user_1754750881_60_5161,user_1754750881_60_5161@example.com
user62,user62@example.com,User,62,Active,Default Group,User,Custom Value,2025-06-16,2025-02-06,2025-01-24,user_1754750881_61_9921,user_1754750881_61_9921@example.com
user63,user63@example.com,User,63,Active,Default Group,User,Custom Value,2025-05-12,2024-11-22,2024-10-27,user_1754750881_62_6648,user_1754750881_62_6648@example.com
user64,user64@example.com,User,64,Active,Default Group,User,Custom Value,2025-01-03,2024-12-10,2025-08-03,user_1754750881_63_8486,user_1754750881_63_8486@example.com
user65,user65@example.com,User,65,Active,Default Group,User,Custom Value,2024-11-27,2025-02-07,2025-06-12,user_1754750881_64_1166,user_1754750881_64_1166@example.com
user66,user66@example.com,User,66,Active,Default Group,User,Custom Value,2024-12-08,2024-09-27,2024-12-22,user_1754750881_65_3158,user_1754750881_65_3158@example.com
user67,user67@example.com,User,67,Active,Default Group,User,Custom Value,2024-10-19,2025-06-20,2024-09-12,user_1754750881_66_9489,user_1754750881_66_9489@example.com
user68,user68@example.com,User,68,Active,Default Group,User,Custom Value,2024-12-18,2025-06-03,2025-03-31,user_1754750881_67_5443,user_1754750881_67_5443@example.com
user69,user69@example.com,User,69,Active,Default Group,User,Custom Value,2025-03-05,2025-06-14,2024-12-06,user_1754750881_68_3605,user_1754750881_68_3605@example.com
user70,user70@example.com,User,70,Disabled,Default Group,User,Custom Value,2025-01-31,2025-05-05,2025-01-18,user_1754750881_69_8269,user_1754750881_69_8269@example.com
user71,user71@example.com,User,71,Active,Default Group,User,Custom Value,2024-12-04,2025-05-06,2025-04-07,user_1754750881_70_7839,user_1754750881_70_7839@example.com
user72,user72@example.com,User,72,Active,Default Group,User,Custom Value,2025-05-05,2025-01-31,2024-10-07,user_1754750881_71_3084,user_1754750881_71_3084@example.com
user73,user73@example.com,User,73,Active,Default Group,User,Custom Value,2025-02-24,2025-06-28,2025-05-02,user_1754750881_72_9393,user_1754750881_72_9393@example.com
user74,user74@example.com,User,74,Active,Default Group,User,Custom Value,2025-06-27,2025-05-19,2024-10-06,user_1754750881_73_3979,user_1754750881_73_3979@example.com
user75,user75@example.com,User,75,Active,Default Group,User,Custom Value,2024-08-28,2024-11-15,2025-07-13,user_1754750881_74_7476,user_1754750881_74_7476@example.com
user76,user76@example.com,User,76,Active,Default Group,User,Custom Value,2025-01-31,2024-09-17,2024-11-29,user_1754750881_75_9018,user_1754750881_75_9018@example.com
user77,user77@example.com,User,77,Active,Default Group,User,Custom Value,2024-08-13,2024-09-26,2024-11-19,user_1754750881_76_6162,user_1754750881_76_6162@example.com
user78,user78@example.com,User,78,Active,Default Group,User,Custom Value,2025-06-10,2025-04-19,2024-11-09,user_1754750881_77_6984,user_1754750881_77_6984@example.com
user79,user79@example.com,User,79,Active,Default Group,User,Custom Value,2024-10-11,2025-04-12,2025-08-19,user_1754750881_78_4657,user_1754750881_78_4657@example.com
user80,user80@example.com,User,80,Disabled,Default Group,User,Custom Value,2024-11-03,2025-07-08,2024-10-18,user_1754750881_79_3379,user_1754750881_79_3379@example.com
user81,user81@example.com,User,81,Active,Default Group,User,Custom Value,2024-10-28,2024-12-13,2024-09-03,user_1754750881_80_2320,user_1754750881_80_2320@example.com
user82,user82@example.com,User,82,Active,Default Group,User,Custom Value,2024-11-26,2025-02-16,2024-12-26,user_1754750881_81_7140,user_1754750881_81_7140@example.com
user83,user83@example.com,User,83,Active,Default Group,User,Custom Value,2025-05-23,2025-08-24,2024-11-06,user_1754750881_82_9119,user_1754750881_82_9119@example.com
user84,user84@example.com,User,84,Active,Default Group,User,Custom Value,2024-09-23,2025-07-13,2025-08-06,user_1754750881_83_6970,user_1754750881_83_6970@example.com
user85,user85@example.com,User,85,Active,Default Group,User,Custom Value,2025-06-15,2025-08-05,2025-04-25,user_1754750881_84_4974,user_1754750881_84_4974@example.com
user86,user86@example.com,User,86,Active,Default Group,User,Custom Value,2025-02-06,2025-03-14,2025-01-11,user_1754750881_85_9761,user_1754750881_85_9761@example.com
user87,user87@example.com,User,87,Active,Default Group,User,Custom Value,2025-02-21,2024-10-09,2025-03-20,user_1754750881_86_8557,user_1754750881_86_8557@example.com
user88,user88@example.com,User,88,Active,Default Group,User,Custom Value,2025-07-28,2024-11-27,2025-01-13,user_1754750881_87_2427,user_1754750881_87_2427@example.com
user89,user89@example.com,User,89,Active,Default Group,User,Custom Value,2025-06-19,2025-05-26,2024-11-17,user_1754750881_88_7709,user_1754750881_88_7709@example.com
user90,user90@example.com,User,90,Disabled,Default Group,User,Custom Value,2025-01-01,2025-01-21,2025-05-31,user_1754750881_89_9654,user_1754750881_89_9654@example.com
user91,user91@example.com,User,91,Active,Default Group,User,Custom Value,2025-04-01,2025-03-20,2025-06-08,user_1754750881_90_4913,user_1754750881_90_4913@example.com
user92,user92@example.com,User,92,Active,Default Group,User,Custom Value,2025-06-02,2024-11-28,2025-05-13,user_1754750881_91_1979,user_1754750881_91_1979@example.com
user93,user93@example.com,User,93,Active,Default Group,User,Custom Value,2024-11-02,2025-04-13,2025-02-10,user_1754750881_92_3154,user_1754750881_92_3154@example.com
user94,user94@example.com,User,94,Active,Default Group,User,Custom Value,2024-08-30,2024-11-20,2025-02-06,user_1754750881_93_4963,user_1754750881_93_4963@example.com
user95,user95@example.com,User,95,Active,Default Group,User,Custom Value,2025-01-19,2025-04-09,2025-04-16,user_1754750881_94_5158,user_1754750881_94_5158@example.com
user96,user96@example.com,User,96,Active,Default Group,User,Custom Value,2024-11-03,2024-10-07,2024-12-01,user_1754750881_95_2214,user_1754750881_95_2214@example.com
user97,user97@example.com,User,97,Active,Default Group,User,Custom Value,2025-03-10,2025-02-10,2025-03-07,user_1754750881_96_8544,user_1754750881_96_8544@example.com
user98,user98@example.com,User,98,Active,Default Group,User,Custom Value,2024-12-26,2024-11-06,2024-10-03,user_1754750881_97_4225,user_1754750881_97_4225@example.com
user99,user99@example.com,User,99,Active,Default Group,User,Custom Value,2024-12-02,2024-10-29,2025-02-06,user_1754750881_98_9005,user_1754750881_98_9005@example.com
user100,user100@example.com,User,100,Disabled,Default Group,User,Custom Value,2025-04-13,2025-08-04,2025-03-11,user_1754750881_99_7962,user_1754750881_99_7962@example.com
user101,user101@example.com,User,101,Active,Default Group,User,Custom Value,2024-08-31,2025-06-07,2025-01-29,user_1754750881_100_5232,user_1754750881_100_5232@example.com
user102,user102@example.com,User,102,Active,Default Group,User,Custom Value,2025-07-03,2025-06-30,2025-05-16,user_1754750881_101_4985,user_1754750881_101_4985@example.com
user103,user103@example.com,User,103,Active,Default Group,User,Custom Value,2024-11-14,2025-08-23,2024-10-08,user_1754750881_102_4202,user_1754750881_102_4202@example.com
user104,user104@example.com,User,104,Active,Default Group,User,Custom Value,2025-01-16,2024-09-20,2025-07-08,user_1754750881_103_9514,user_1754750881_103_9514@example.com
user105,user105@example.com,User,105,Active,Default Group,User,Custom Value,2025-07-08,2025-02-26,2024-09-11,user_1754750881_104_7171,user_1754750881_104_7171@example.com
user106,user106@example.com,User,106,Active,Default Group,User,Custom Value,2024-09-17,2025-04-28,2024-12-19,user_1754750881_105_4229,user_1754750881_105_4229@example.com
user107,user107@example.com,User,107,Active,Default Group,User,Custom Value,2025-01-21,2025-02-25,2024-11-13,user_1754750881_106_9204,user_1754750881_106_9204@example.com
user108,user108@example.com,User,108,Active,Default Group,User,Custom Value,2024-12-29,2025-07-30,2024-09-12,user_1754750881_107_4044,user_1754750881_107_4044@example.com
user109,user109@example.com,User,109,Active,Default Group,User,Custom Value,2024-10-12,2025-02-20,2025-01-24,user_1754750881_108_6707,user_1754750881_108_6707@example.com
user110,user110@example.com,User,110,Disabled,Default Group,User,Custom Value,2025-04-26,2024-09-11,2025-08-09,user_1754750881_109_5594,user_1754750881_109_5594@example.com
user111,user111@example.com,User,111,Active,Default Group,User,Custom Value,2024-10-10,2025-06-24,2025-04-05,user_1754750881_110_2715,user_1754750881_110_2715@example.com
user112,user112@example.com,User,112,Active,Default Group,User,Custom Value,2025-08-08,2024-09-09,2024-11-26,user_1754750881_111_6917,user_1754750881_111_6917@example.com
user113,user113@example.com,User,113,Active,Default Group,User,Custom Value,2025-04-30,2025-05-09,2024-11-15,user_1754750881_112_3221,user_1754750881_112_3221@example.com
user114,user114@example.com,User,114,Active,Default Group,User,Custom Value,2024-11-29,2024-10-02,2025-06-05,user_1754750881_113_7862,user_1754750881_113_7862@example.com
user115,user115@example.com,User,115,Active,Default Group,User,Custom Value,2025-08-05,2025-07-13,2024-12-26,user_1754750881_114_4038,user_1754750881_114_4038@example.com
user116,user116@example.com,User,116,Active,Default Group,User,Custom Value,2025-01-04,2025-05-02,2025-02-14,user_1754750881_115_4556,user_1754750881_115_4556@example.com
user117,user117@example.com,User,117,Active,Default Group,User,Custom Value,2024-08-12,2025-08-03,2024-09-21,user_1754750881_116_3771,user_1754750881_116_3771@example.com
user118,user118@example.com,User,118,Active,Default Group,User,Custom Value,2024-09-01,2024-11-18,2025-01-03,user_1754750881_117_6459,user_1754750881_117_6459@example.com
user119,user119@example.com,User,119,Active,Default Group,User,Custom Value,2024-09-26,2024-12-26,2025-05-06,user_1754750881_118_8231,user_1754750881_118_8231@example.com
user120,user120@example.com,User,120,Disabled,Default Group,User,Custom Value,2024-11-06,2024-12-01,2025-06-24,user_1754750881_119_3542,user_1754750881_119_3542@example.com
user121,user121@example.com,User,121,Active,Default Group,User,Custom Value,2025-07-10,2024-11-14,2024-10-10,user_1754750881_120_5888,user_1754750881_120_5888@example.com
user122,user122@example.com,User,122,Active,Default Group,User,Custom Value,2025-03-24,2024-08-19,2024-10-23,user_1754750881_121_3097,user_1754750881_121_3097@example.com
user123,user123@example.com,User,123,Active,Default Group,User,Custom Value,2024-09-12,2024-09-23,2025-07-23,user_1754750881_122_3141,user_1754750881_122_3141@example.com
user124,user124@example.com,User,124,Active,Default Group,User,Custom Value,2025-06-21,2024-11-28,2025-04-18,user_1754750881_123_3611,user_1754750881_123_3611@example.com
user125,user125@example.com,User,125,Active,Default Group,User,Custom Value,2024-11-14,2025-03-07,2024-10-18,user_1754750881_124_5905,user_1754750881_124_5905@example.com
user126,user126@example.com,User,126,Active,Default Group,User,Custom Value,2024-11-28,2025-03-01,2025-01-13,user_1754750881_125_3839,user_1754750881_125_3839@example.com
user127,user127@example.com,User,127,Active,Default Group,User,Custom Value,2024-10-28,2024-09-02,2025-02-11,user_1754750881_126_4741,user_1754750881_126_4741@example.com
user128,user128@example.com,User,128,Active,Default Group,User,Custom Value,2024-11-09,2025-01-19,2025-03-19,user_1754750881_127_4397,user_1754750881_127_4397@example.com
user129,user129@example.com,User,129,Active,Default Group,User,Custom Value,2025-05-28,2025-05-27,2025-02-23,user_1754750881_128_6118,user_1754750881_128_6118@example.com
user130,user130@example.com,User,130,Disabled,Default Group,User,Custom Value,2025-01-17,2024-10-09,2025-01-16,user_1754750881_129_6794,user_1754750881_129_6794@example.com
user131,user131@example.com,User,131,Active,Default Group,User,Custom Value,2025-06-10,2024-12-27,2025-01-15,user_1754750881_130_3345,user_1754750881_130_3345@example.com
user132,user132@example.com,User,132,Active,Default Group,User,Custom Value,2024-12-22,2025-03-03,2025-03-20,user_1754750881_131_9792,user_1754750881_131_9792@example.com
user133,user133@example.com,User,133,Active,Default Group,User,Custom Value,2025-06-23,2025-07-25,2024-11-20,user_1754750881_132_3291,user_1754750881_132_3291@example.com
user134,user134@example.com,User,134,Active,Default Group,User,Custom Value,2024-09-07,2025-05-16,2025-06-03,user_1754750881_133_5911,user_1754750881_133_5911@example.com
user135,user135@example.com,User,135,Active,Default Group,User,Custom Value,2025-02-19,2024-09-10,2024-11-10,user_1754750881_134_8954,user_1754750881_134_8954@example.com
user136,user136@example.com,User,136,Active,Default Group,User,Custom Value,2025-01-12,2024-09-28,2024-09-28,user_1754750881_135_3136,user_1754750881_135_3136@example.com
user137,user137@example.com,User,137,Active,Default Group,User,Custom Value,2025-06-06,2025-08-17,2025-03-03,user_1754750881_136_3738,user_1754750881_136_3738@example.com
user138,user138@example.com,User,138,Active,Default Group,User,Custom Value,2024-11-07,2024-08-21,2025-01-29,user_1754750881_137_1313,user_1754750881_137_1313@example.com
user139,user139@example.com,User,139,Active,Default Group,User,Custom Value,2025-08-05,2025-08-25,2024-10-06,user_1754750881_138_6208,user_1754750881_138_6208@example.com
user140,user140@example.com,User,140,Disabled,Default Group,User,Custom Value,2024-11-28,2025-03-17,2025-06-11,user_1754750881_139_8570,user_1754750881_139_8570@example.com
user141,user141@example.com,User,141,Active,Default Group,User,Custom Value,2024-09-25,2024-12-08,2024-09-05,user_1754750881_140_9065,user_1754750881_140_9065@example.com
user142,user142@example.com,User,142,Active,Default Group,User,Custom Value,2025-05-23,2024-10-10,2024-09-11,user_1754750881_141_9767,user_1754750881_141_9767@example.com
user143,user143@example.com,User,143,Active,Default Group,User,Custom Value,2025-07-01,2024-12-23,2024-08-27,user_1754750881_142_1001,user_1754750881_142_1001@example.com
user144,user144@example.com,User,144,Active,Default Group,User,Custom Value,2025-08-09,2024-10-26,2025-06-25,user_1754750881_143_1200,user_1754750881_143_1200@example.com
user145,user145@example.com,User,145,Active,Default Group,User,Custom Value,2025-02-24,2025-06-01,2024-12-17,user_1754750881_144_6465,user_1754750881_144_6465@example.com
user146,user146@example.com,User,146,Active,Default Group,User,Custom Value,2024-10-31,2024-11-23,2025-06-10,user_1754750881_145_5934,user_1754750881_145_5934@example.com
user147,user147@example.com,User,147,Active,Default Group,User,Custom Value,2025-05-14,2024-10-16,2025-08-04,user_1754750881_146_8390,user_1754750881_146_8390@example.com
user148,user148@example.com,User,148,Active,Default Group,User,Custom Value,2025-07-30,2024-12-12,2025-06-08,user_1754750881_147_8738,user_1754750881_147_8738@example.com
user149,user149@example.com,User,149,Active,Default Group,User,Custom Value,2025-04-10,2024-09-06,2025-06-22,user_1754750881_148_4069,user_1754750881_148_4069@example.com
user150,user150@example.com,User,150,Disabled,Default Group,User,Custom Value,2025-08-02,2024-08-16,2025-02-07,user_1754750881_149_6876,user_1754750881_149_6876@example.com
user151,user151@example.com,User,151,Active,Default Group,User,Custom Value,2025-03-31,2024-10-06,2024-11-16,user_1754750881_150_9249,user_1754750881_150_9249@example.com
user152,user152@example.com,User,152,Active,Default Group,User,Custom Value,2025-06-10,2024-09-12,2024-08-27,user_1754750881_151_7930,user_1754750881_151_7930@example.com
user153,user153@example.com,User,153,Active,Default Group,User,Custom Value,2025-05-13,2024-11-25,2025-06-24,user_1754750881_152_9634,user_1754750881_152_9634@example.com
user154,user154@example.com,User,154,Active,Default Group,User,Custom Value,2025-01-07,2025-08-14,2025-07-11,user_1754750881_153_7450,user_1754750881_153_7450@example.com
user155,user155@example.com,User,155,Active,Default Group,User,Custom Value,2024-11-21,2025-06-24,2025-05-19,user_1754750881_154_4140,user_1754750881_154_4140@example.com
user156,user156@example.com,User,156,Active,Default Group,User,Custom Value,2024-10-04,2025-04-24,2025-05-17,user_1754750881_155_9270,user_1754750881_155_9270@example.com
user157,user157@example.com,User,157,Active,Default Group,User,Custom Value,2025-05-25,2025-01-21,2025-05-20,user_1754750881_156_9238,user_1754750881_156_9238@example.com
user158,user158@example.com,User,158,Active,Default Group,User,Custom Value,2025-07-17,2025-06-24,2025-07-09,user_1754750881_157_4025,user_1754750881_157_4025@example.com
user159,user159@example.com,User,159,Active,Default Group,User,Custom Value,2025-05-28,2025-07-25,2024-09-18,user_1754750881_158_5026,user_1754750881_158_5026@example.com
user160,user160@example.com,User,160,Disabled,Default Group,User,Custom Value,2025-02-07,2025-06-12,2025-02-02,user_1754750881_159_2169,user_1754750881_159_2169@example.com
user161,user161@example.com,User,161,Active,Default Group,User,Custom Value,2024-12-05,2025-04-04,2024-12-02,user_1754750881_160_9378,user_1754750881_160_9378@example.com
user162,user162@example.com,User,162,Active,Default Group,User,Custom Value,2025-07-05,2025-06-11,2024-09-04,user_1754750881_161_6092,user_1754750881_161_6092@example.com
user163,user163@example.com,User,163,Active,Default Group,User,Custom Value,2024-10-29,2024-11-27,2025-04-12,user_1754750881_162_6013,user_1754750881_162_6013@example.com
user164,user164@example.com,User,164,Active,Default Group,User,Custom Value,2024-11-16,2025-07-30,2025-04-16,user_1754750881_163_4946,user_1754750881_163_4946@example.com
user165,user165@example.com,User,165,Active,Default Group,User,Custom Value,2025-07-24,2025-01-07,2025-07-08,user_1754750881_164_6231,user_1754750881_164_6231@example.com
user166,user166@example.com,User,166,Active,Default Group,User,Custom Value,2025-07-28,2025-08-19,2024-12-24,user_1754750881_165_3874,user_1754750881_165_3874@example.com
user167,user167@example.com,User,167,Active,Default Group,User,Custom Value,2025-04-07,2024-09-08,2025-04-29,user_1754750881_166_2422,user_1754750881_166_2422@example.com
user168,user168@example.com,User,168,Active,Default Group,User,Custom Value,2024-12-18,2025-05-17,2025-02-05,user_1754750881_167_3993,user_1754750881_167_3993@example.com
user169,user169@example.com,User,169,Active,Default Group,User,Custom Value,2025-06-24,2025-08-05,2025-07-21,user_1754750881_168_2050,user_1754750881_168_2050@example.com
user170,user170@example.com,User,170,Disabled,Default Group,User,Custom Value,2025-01-03,2025-02-04,2025-08-04,user_1754750881_169_7244,user_1754750881_169_7244@example.com
user171,user171@example.com,User,171,Active,Default Group,User,Custom Value,2025-02-04,2025-06-04,2024-11-28,user_1754750881_170_2416,user_1754750881_170_2416@example.com
user172,user172@example.com,User,172,Active,Default Group,User,Custom Value,2024-11-05,2024-09-28,2024-12-08,user_1754750881_171_7314,user_1754750881_171_7314@example.com
user173,user173@example.com,User,173,Active,Default Group,User,Custom Value,2024-10-09,2025-01-28,2025-07-02,user_1754750881_172_6065,user_1754750881_172_6065@example.com
user174,user174@example.com,User,174,Active,Default Group,User,Custom Value,2024-12-02,2024-11-04,2024-11-15,user_1754750881_173_3772,user_1754750881_173_3772@example.com
user175,user175@example.com,User,175,Active,Default Group,User,Custom Value,2025-05-19,2024-10-10,2025-06-21,user_1754750881_174_8589,user_1754750881_174_8589@example.com
user176,user176@example.com,User,176,Active,Default Group,User,Custom Value,2025-05-06,2025-03-19,2025-06-17,user_1754750881_175_9379,user_1754750881_175_9379@example.com
user177,user177@example.com,User,177,Active,Default Group,User,Custom Value,2024-10-22,2025-06-11,2024-09-18,user_1754750881_176_3897,user_1754750881_176_3897@example.com
user178,user178@example.com,User,178,Active,Default Group,User,Custom Value,2024-10-11,2025-03-20,2025-01-30,user_1754750881_177_2813,user_1754750881_177_2813@example.com
user179,user179@example.com,User,179,Active,Default Group,User,Custom Value,2024-12-16,2024-12-29,2024-10-30,user_1754750881_178_4005,user_1754750881_178_4005@example.com
user180,user180@example.com,User,180,Disabled,Default Group,User,Custom Value,2025-04-27,2024-09-17,2025-03-10,user_1754750881_179_8367,user_1754750881_179_8367@example.com
user181,user181@example.com,User,181,Active,Default Group,User,Custom Value,2025-06-23,2024-11-18,2025-06-21,user_1754750881_180_6663,user_1754750881_180_6663@example.com
user182,user182@example.com,User,182,Active,Default Group,User,Custom Value,2024-08-14,2024-11-20,2025-01-21,user_1754750881_181_6837,user_1754750881_181_6837@example.com
user183,user183@example.com,User,183,Active,Default Group,User,Custom Value,2025-01-13,2025-05-01,2025-07-03,user_1754750881_182_4463,user_1754750881_182_4463@example.com
user184,user184@example.com,User,184,Active,Default Group,User,Custom Value,2024-10-25,2024-09-15,2025-05-06,user_1754750881_183_6276,user_1754750881_183_6276@example.com
user185,user185@example.com,User,185,Active,Default Group,User,Custom Value,2025-01-18,2025-08-26,2025-06-30,user_1754750881_184_4339,user_1754750881_184_4339@example.com
user186,user186@example.com,User,186,Active,Default Group,User,Custom Value,2025-05-10,2025-04-16,2025-03-02,user_1754750881_185_2105,user_1754750881_185_2105@example.com
user187,user187@example.com,User,187,Active,Default Group,User,Custom Value,2024-12-05,2025-07-21,2025-05-21,user_1754750881_186_4159,user_1754750881_186_4159@example.com
user188,user188@example.com,User,188,Active,Default Group,User,Custom Value,2025-01-12,2025-06-23,2024-11-29,user_1754750881_187_1349,user_1754750881_187_1349@example.com
user189,user189@example.com,User,189,Active,Default Group,User,Custom Value,2024-09-10,2024-08-27,2024-12-10,user_1754750881_188_8000,user_1754750881_188_8000@example.com
user190,user190@example.com,User,190,Disabled,Default Group,User,Custom Value,2024-09-07,2025-07-07,2024-12-03,user_1754750881_189_9640,user_1754750881_189_9640@example.com
user191,user191@example.com,User,191,Active,Default Group,User,Custom Value,2025-06-09,2025-02-02,2025-04-12,user_1754750881_190_6197,user_1754750881_190_6197@example.com
user192,user192@example.com,User,192,Active,Default Group,User,Custom Value,2025-06-06,2024-09-22,2024-09-15,user_1754750881_191_5717,user_1754750881_191_5717@example.com
user193,user193@example.com,User,193,Active,Default Group,User,Custom Value,2025-01-07,2024-12-31,2024-09-18,user_1754750881_192_6925,user_1754750881_192_6925@example.com
user194,user194@example.com,User,194,Active,Default Group,User,Custom Value,2025-07-22,2024-09-14,2025-06-28,user_1754750881_193_9373,user_1754750881_193_9373@example.com
user195,user195@example.com,User,195,Active,Default Group,User,Custom Value,2025-03-09,2024-09-27,2025-08-01,user_1754750881_194_6494,user_1754750881_194_6494@example.com
user196,user196@example.com,User,196,Active,Default Group,User,Custom Value,2025-06-23,2025-05-30,2024-10-14,user_1754750881_195_9633,user_1754750881_195_9633@example.com
user197,user197@example.com,User,197,Active,Default Group,User,Custom Value,2024-12-25,2025-03-08,2024-12-27,user_1754750881_196_4668,user_1754750881_196_4668@example.com
user198,user198@example.com,User,198,Active,Default Group,User,Custom Value,2025-02-23,2025-04-27,2025-06-10,user_1754750881_197_3072,user_1754750881_197_3072@example.com
user199,user199@example.com,User,199,Active,Default Group,User,Custom Value,2025-06-10,2025-06-30,2024-10-12,user_1754750881_198_4774,user_1754750881_198_4774@example.com
user200,user200@example.com,User,200,Disabled,Default Group,User,Custom Value,2025-01-04,2024-10-23,2025-01-30,user_1754750881_199_2559,user_1754750881_199_2559@example.com
user201,user201@example.com,User,201,Active,Default Group,User,Custom Value,2024-09-04,2025-06-13,2025-02-15,user_1754750881_200_2892,user_1754750881_200_2892@example.com
user202,user202@example.com,User,202,Active,Default Group,User,Custom Value,2024-11-17,2025-03-22,2024-09-15,user_1754750881_201_8711,user_1754750881_201_8711@example.com
user203,user203@example.com,User,203,Active,Default Group,User,Custom Value,2025-07-27,2025-04-27,2024-11-17,user_1754750881_202_4847,user_1754750881_202_4847@example.com
user204,user204@example.com,User,204,Active,Default Group,User,Custom Value,2025-02-23,2025-02-11,2025-03-18,user_1754750881_203_2897,user_1754750881_203_2897@example.com
user205,user205@example.com,User,205,Active,Default Group,User,Custom Value,2025-04-26,2025-05-17,2024-11-15,user_1754750881_204_4298,user_1754750881_204_4298@example.com
user206,user206@example.com,User,206,Active,Default Group,User,Custom Value,2025-05-20,2025-07-21,2025-07-29,user_1754750881_205_6020,user_1754750881_205_6020@example.com
user207,user207@example.com,User,207,Active,Default Group,User,Custom Value,2025-08-08,2024-12-10,2025-07-12,user_1754750881_206_3000,user_1754750881_206_3000@example.com
user208,user208@example.com,User,208,Active,Default Group,User,Custom Value,2024-10-18,2025-05-09,2024-10-09,user_1754750881_207_3433,user_1754750881_207_3433@example.com
user209,user209@example.com,User,209,Active,Default Group,User,Custom Value,2025-07-23,2025-08-16,2025-03-16,user_1754750881_208_4885,user_1754750881_208_4885@example.com
user210,user210@example.com,User,210,Disabled,Default Group,User,Custom Value,2025-03-21,2024-09-07,2025-08-13,user_1754750881_209_5320,user_1754750881_209_5320@example.com
user211,user211@example.com,User,211,Active,Default Group,User,Custom Value,2025-01-23,2024-09-17,2024-09-11,user_1754750881_210_3657,user_1754750881_210_3657@example.com
user212,user212@example.com,User,212,Active,Default Group,User,Custom Value,2025-04-30,2025-02-01,2024-11-05,user_1754750881_211_4279,user_1754750881_211_4279@example.com
user213,user213@example.com,User,213,Active,Default Group,User,Custom Value,2025-05-09,2025-01-12,2025-03-29,user_1754750881_212_9987,user_1754750881_212_9987@example.com
user214,user214@example.com,User,214,Active,Default Group,User,Custom Value,2025-03-16,2025-01-26,2025-07-13,user_1754750881_213_8798,user_1754750881_213_8798@example.com
user215,user215@example.com,User,215,Active,Default Group,User,Custom Value,2025-01-11,2025-06-10,2025-07-07,user_1754750881_214_1848,user_1754750881_214_1848@example.com
user216,user216@example.com,User,216,Active,Default Group,User,Custom Value,2024-10-06,2025-06-29,2025-02-17,user_1754750881_215_1593,user_1754750881_215_1593@example.com
user217,user217@example.com,User,217,Active,Default Group,User,Custom Value,2024-10-03,2024-11-04,2025-04-27,user_1754750881_216_7432,user_1754750881_216_7432@example.com
user218,user218@example.com,User,218,Active,Default Group,User,Custom Value,2025-06-04,2024-09-04,2024-08-25,user_1754750881_217_9526,user_1754750881_217_9526@example.com
user219,user219@example.com,User,219,Active,Default Group,User,Custom Value,2024-10-13,2025-06-14,2025-03-08,user_1754750881_218_6063,user_1754750881_218_6063@example.com
user220,user220@example.com,User,220,Disabled,Default Group,User,Custom Value,2025-08-08,2025-05-04,2025-08-21,user_1754750881_219_1405,user_1754750881_219_1405@example.com
user221,user221@example.com,User,221,Active,Default Group,User,Custom Value,2024-11-23,2024-12-05,2025-06-28,user_1754750881_220_9716,user_1754750881_220_9716@example.com
user222,user222@example.com,User,222,Active,Default Group,User,Custom Value,2024-12-13,2024-11-07,2025-07-08,user_1754750881_221_1591,user_1754750881_221_1591@example.com
user223,user223@example.com,User,223,Active,Default Group,User,Custom Value,2025-04-05,2025-01-28,2025-06-05,user_1754750881_222_6475,user_1754750881_222_6475@example.com
user224,user224@example.com,User,224,Active,Default Group,User,Custom Value,2024-10-18,2025-01-28,2025-05-20,user_1754750881_223_6460,user_1754750881_223_6460@example.com
user225,user225@example.com,User,225,Active,Default Group,User,Custom Value,2025-04-16,2025-07-31,2025-03-06,user_1754750881_224_4003,user_1754750881_224_4003@example.com
user226,user226@example.com,User,226,Active,Default Group,User,Custom Value,2024-09-24,2025-04-03,2025-01-19,user_1754750881_225_6541,user_1754750881_225_6541@example.com
user227,user227@example.com,User,227,Active,Default Group,User,Custom Value,2024-12-09,2024-10-16,2025-06-07,user_1754750881_226_2345,user_1754750881_226_2345@example.com
user228,user228@example.com,User,228,Active,Default Group,User,Custom Value,2024-11-27,2024-12-04,2025-06-29,user_1754750881_227_8863,user_1754750881_227_8863@example.com
user229,user229@example.com,User,229,Active,Default Group,User,Custom Value,2025-04-22,2024-09-22,2024-11-13,user_1754750881_228_2289,user_1754750881_228_2289@example.com
user230,user230@example.com,User,230,Disabled,Default Group,User,Custom Value,2024-09-02,2024-10-01,2025-08-06,user_1754750881_229_4366,user_1754750881_229_4366@example.com
user231,user231@example.com,User,231,Active,Default Group,User,Custom Value,2024-10-25,2024-11-30,2025-08-06,user_1754750881_230_8355,user_1754750881_230_8355@example.com
user232,user232@example.com,User,232,Active,Default Group,User,Custom Value,2025-01-02,2025-08-17,2024-11-15,user_1754750881_231_2323,user_1754750881_231_2323@example.com
user233,user233@example.com,User,233,Active,Default Group,User,Custom Value,2025-07-07,2025-01-13,2024-11-27,user_1754750881_232_8502,user_1754750881_232_8502@example.com
user234,user234@example.com,User,234,Active,Default Group,User,Custom Value,2025-04-26,2025-05-18,2025-04-24,user_1754750881_233_8516,user_1754750881_233_8516@example.com
user235,user235@example.com,User,235,Active,Default Group,User,Custom Value,2024-12-01,2024-11-18,2024-10-29,user_1754750881_234_5488,user_1754750881_234_5488@example.com
user236,user236@example.com,User,236,Active,Default Group,User,Custom Value,2024-11-28,2024-11-18,2025-07-03,user_1754750881_235_6116,user_1754750881_235_6116@example.com
user237,user237@example.com,User,237,Active,Default Group,User,Custom Value,2025-06-30,2025-06-12,2025-07-11,user_1754750881_236_7370,user_1754750881_236_7370@example.com
user238,user238@example.com,User,238,Active,Default Group,User,Custom Value,2025-01-31,2024-12-07,2025-05-09,user_1754750881_237_9851,user_1754750881_237_9851@example.com
user239,user239@example.com,User,239,Active,Default Group,User,Custom Value,2025-08-07,2025-08-18,2025-07-29,user_1754750881_238_9278,user_1754750881_238_9278@example.com
user240,user240@example.com,User,240,Disabled,Default Group,User,Custom Value,2024-09-05,2024-12-14,2024-10-30,user_1754750881_239_8072,user_1754750881_239_8072@example.com
user241,user241@example.com,User,241,Active,Default Group,User,Custom Value,2024-08-11,2024-11-24,2025-01-27,user_1754750881_240_4154,user_1754750881_240_4154@example.com
user242,user242@example.com,User,242,Active,Default Group,User,Custom Value,2025-07-25,2025-02-07,2025-06-01,user_1754750881_241_9616,user_1754750881_241_9616@example.com
user243,user243@example.com,User,243,Active,Default Group,User,Custom Value,2025-01-19,2025-07-08,2025-04-18,user_1754750881_242_5630,user_1754750881_242_5630@example.com
user244,user244@example.com,User,244,Active,Default Group,User,Custom Value,2024-08-31,2025-03-30,2025-06-27,user_1754750881_243_9242,user_1754750881_243_9242@example.com
user245,user245@example.com,User,245,Active,Default Group,User,Custom Value,2025-01-03,2025-06-12,2025-04-18,user_1754750881_244_9978,user_1754750881_244_9978@example.com
user246,user246@example.com,User,246,Active,Default Group,User,Custom Value,2025-06-24,2025-08-27,2025-06-16,user_1754750881_245_2134,user_1754750881_245_2134@example.com
user247,user247@example.com,User,247,Active,Default Group,User,Custom Value,2025-07-21,2024-10-14,2025-04-14,user_1754750881_246_8845,user_1754750881_246_8845@example.com
user248,user248@example.com,User,248,Active,Default Group,User,Custom Value,2025-06-25,2024-09-22,2025-06-02,user_1754750881_247_3609,user_1754750881_247_3609@example.com
user249,user249@example.com,User,249,Active,Default Group,User,Custom Value,2025-01-02,2025-01-29,2025-02-02,user_1754750881_248_8656,user_1754750881_248_8656@example.com
user250,user250@example.com,User,250,Disabled,Default Group,User,Custom Value,2024-09-08,2024-09-08,2025-01-29,user_1754750881_249_7469,user_1754750881_249_7469@example.com
user251,user251@example.com,User,251,Active,Default Group,User,Custom Value,2025-07-27,2025-06-17,2024-10-04,user_1754750881_250_4374,user_1754750881_250_4374@example.com
user252,user252@example.com,User,252,Active,Default Group,User,Custom Value,2025-01-30,2025-05-29,2025-01-03,user_1754750881_251_1031,user_1754750881_251_1031@example.com
user253,user253@example.com,User,253,Active,Default Group,User,Custom Value,2025-03-31,2025-08-20,2024-12-12,user_1754750881_252_7036,user_1754750881_252_7036@example.com
user254,user254@example.com,User,254,Active,Default Group,User,Custom Value,2024-12-12,2024-12-04,2024-12-24,user_1754750881_253_4772,user_1754750881_253_4772@example.com
user255,user255@example.com,User,255,Active,Default Group,User,Custom Value,2025-01-10,2025-02-07,2024-11-08,user_1754750881_254_7891,user_1754750881_254_7891@example.com
user256,user256@example.com,User,256,Active,Default Group,User,Custom Value,2024-11-20,2025-03-22,2025-02-03,user_1754750881_255_7159,user_1754750881_255_7159@example.com
user257,user257@example.com,User,257,Active,Default Group,User,Custom Value,2025-05-26,2025-02-09,2024-12-11,user_1754750881_256_2793,user_1754750881_256_2793@example.com
user258,user258@example.com,User,258,Active,Default Group,User,Custom Value,2025-07-10,2024-11-14,2025-01-09,user_1754750881_257_3007,user_1754750881_257_3007@example.com
user259,user259@example.com,User,259,Active,Default Group,User,Custom Value,2025-02-22,2025-05-31,2025-08-21,user_1754750881_258_8618,user_1754750881_258_8618@example.com
user260,user260@example.com,User,260,Disabled,Default Group,User,Custom Value,2025-03-28,2024-09-12,2024-12-22,user_1754750881_259_6360,user_1754750881_259_6360@example.com
user261,user261@example.com,User,261,Active,Default Group,User,Custom Value,2025-05-20,2025-05-19,2025-07-03,user_1754750881_260_9274,user_1754750881_260_9274@example.com
user262,user262@example.com,User,262,Active,Default Group,User,Custom Value,2025-08-03,2024-09-30,2025-01-11,user_1754750881_261_1888,user_1754750881_261_1888@example.com
user263,user263@example.com,User,263,Active,Default Group,User,Custom Value,2025-04-25,2025-06-28,2025-05-21,user_1754750881_262_7902,user_1754750881_262_7902@example.com
user264,user264@example.com,User,264,Active,Default Group,User,Custom Value,2024-12-02,2024-11-07,2025-06-01,user_1754750881_263_2464,user_1754750881_263_2464@example.com
user265,user265@example.com,User,265,Active,Default Group,User,Custom Value,2024-11-19,2025-03-18,2025-02-19,user_1754750881_264_5744,user_1754750881_264_5744@example.com
user266,user266@example.com,User,266,Active,Default Group,User,Custom Value,2024-08-10,2024-10-18,2024-11-02,user_1754750881_265_2884,user_1754750881_265_2884@example.com
user267,user267@example.com,User,267,Active,Default Group,User,Custom Value,2025-05-15,2024-12-09,2025-06-25,user_1754750881_266_5214,user_1754750881_266_5214@example.com
user268,user268@example.com,User,268,Active,Default Group,User,Custom Value,2024-10-23,2024-10-10,2025-05-23,user_1754750881_267_7254,user_1754750881_267_7254@example.com
user269,user269@example.com,User,269,Active,Default Group,User,Custom Value,2025-07-05,2025-05-10,2024-12-23,user_1754750881_268_5541,user_1754750881_268_5541@example.com
user270,user270@example.com,User,270,Disabled,Default Group,User,Custom Value,2025-07-22,2024-09-21,2025-05-24,user_1754750881_269_5943,user_1754750881_269_5943@example.com
user271,user271@example.com,User,271,Active,Default Group,User,Custom Value,2025-01-02,2025-05-03,2025-04-20,user_1754750881_270_3538,user_1754750881_270_3538@example.com
user272,user272@example.com,User,272,Active,Default Group,User,Custom Value,2024-08-15,2024-12-29,2025-01-18,user_1754750881_271_4951,user_1754750881_271_4951@example.com
user273,user273@example.com,User,273,Active,Default Group,User,Custom Value,2024-11-04,2025-07-09,2025-06-18,user_1754750881_272_1563,user_1754750881_272_1563@example.com
user274,user274@example.com,User,274,Active,Default Group,User,Custom Value,2024-10-06,2025-08-06,2025-04-05,user_1754750881_273_3641,user_1754750881_273_3641@example.com
user275,user275@example.com,User,275,Active,Default Group,User,Custom Value,2025-02-28,2025-03-21,2025-02-23,user_1754750881_274_5771,user_1754750881_274_5771@example.com
user276,user276@example.com,User,276,Active,Default Group,User,Custom Value,2025-06-23,2024-10-26,2025-04-26,user_1754750881_275_7287,user_1754750881_275_7287@example.com
user277,user277@example.com,User,277,Active,Default Group,User,Custom Value,2025-03-05,2024-10-31,2025-01-12,user_1754750881_276_3935,user_1754750881_276_3935@example.com
user278,user278@example.com,User,278,Active,Default Group,User,Custom Value,2025-03-16,2024-09-18,2025-01-07,user_1754750881_277_9849,user_1754750881_277_9849@example.com
user279,user279@example.com,User,279,Active,Default Group,User,Custom Value,2024-11-29,2025-07-27,2025-08-11,user_1754750881_278_9875,user_1754750881_278_9875@example.com
user280,user280@example.com,User,280,Disabled,Default Group,User,Custom Value,2025-04-12,2025-06-18,2025-01-11,user_1754750881_279_1270,user_1754750881_279_1270@example.com
user281,user281@example.com,User,281,Active,Default Group,User,Custom Value,2025-03-29,2024-11-26,2024-09-24,user_1754750881_280_2720,user_1754750881_280_2720@example.com
user282,user282@example.com,User,282,Active,Default Group,User,Custom Value,2024-10-11,2025-06-21,2025-01-28,user_1754750881_281_8610,user_1754750881_281_8610@example.com
user283,user283@example.com,User,283,Active,Default Group,User,Custom Value,2025-01-02,2025-05-19,2025-01-30,user_1754750881_282_2110,user_1754750881_282_2110@example.com
user284,user284@example.com,User,284,Active,Default Group,User,Custom Value,2024-11-20,2024-10-02,2025-01-14,user_1754750881_283_8720,user_1754750881_283_8720@example.com
user285,user285@example.com,User,285,Active,Default Group,User,Custom Value,2025-07-07,2025-02-17,2025-01-05,user_1754750881_284_9945,user_1754750881_284_9945@example.com
user286,user286@example.com,User,286,Active,Default Group,User,Custom Value,2025-06-21,2025-02-24,2024-10-14,user_1754750881_285_5844,user_1754750881_285_5844@example.com
user287,user287@example.com,User,287,Active,Default Group,User,Custom Value,2024-08-10,2024-10-08,2025-01-24,user_1754750881_286_8101,user_1754750881_286_8101@example.com
user288,user288@example.com,User,288,Active,Default Group,User,Custom Value,2025-03-27,2025-05-03,2025-02-03,user_1754750881_287_9870,user_1754750881_287_9870@example.com
user289,user289@example.com,User,289,Active,Default Group,User,Custom Value,2025-02-12,2024-08-23,2025-07-22,user_1754750881_288_7263,user_1754750881_288_7263@example.com
user290,user290@example.com,User,290,Disabled,Default Group,User,Custom Value,2024-10-05,2024-09-24,2025-07-27,user_1754750881_289_9872,user_1754750881_289_9872@example.com
user291,user291@example.com,User,291,Active,Default Group,User,Custom Value,2024-09-08,2025-06-25,2025-04-01,user_1754750881_290_3533,user_1754750881_290_3533@example.com
user292,user292@example.com,User,292,Active,Default Group,User,Custom Value,2025-01-20,2025-05-09,2025-04-18,user_1754750881_291_8902,user_1754750881_291_8902@example.com
user293,user293@example.com,User,293,Active,Default Group,User,Custom Value,2025-05-12,2025-08-18,2024-11-10,user_1754750881_292_3278,user_1754750881_292_3278@example.com
user294,user294@example.com,User,294,Active,Default Group,User,Custom Value,2024-12-23,2025-02-18,2025-06-10,user_1754750881_293_4895,user_1754750881_293_4895@example.com
user295,user295@example.com,User,295,Active,Default Group,User,Custom Value,2024-12-16,2025-08-10,2024-09-06,user_1754750881_294_3879,user_1754750881_294_3879@example.com
user296,user296@example.com,User,296,Active,Default Group,User,Custom Value,2025-03-23,2024-11-26,2024-09-05,user_1754750881_295_4514,user_1754750881_295_4514@example.com
user297,user297@example.com,User,297,Active,Default Group,User,Custom Value,2025-05-18,2025-07-12,2025-01-16,user_1754750881_296_2408,user_1754750881_296_2408@example.com
user298,user298@example.com,User,298,Active,Default Group,User,Custom Value,2025-07-02,2025-05-15,2024-09-10,user_1754750881_297_4097,user_1754750881_297_4097@example.com
user299,user299@example.com,User,299,Active,Default Group,User,Custom Value,2024-10-21,2025-07-11,2024-12-29,user_1754750881_298_7306,user_1754750881_298_7306@example.com
user300,user300@example.com,User,300,Disabled,Default Group,User,Custom Value,2024-12-25,2025-06-02,2025-03-26,user_1754750881_299_1246,user_1754750881_299_1246@example.com
user301,user301@example.com,User,301,Active,Default Group,User,Custom Value,2025-07-27,2024-11-09,2025-02-07,user_1754750881_300_6092,user_1754750881_300_6092@example.com
user302,user302@example.com,User,302,Active,Default Group,User,Custom Value,2025-02-01,2025-02-09,2025-08-14,user_1754750881_301_7892,user_1754750881_301_7892@example.com
user303,user303@example.com,User,303,Active,Default Group,User,Custom Value,2024-09-01,2025-05-03,2025-03-02,user_1754750881_302_5116,user_1754750881_302_5116@example.com
user304,user304@example.com,User,304,Active,Default Group,User,Custom Value,2024-11-04,2025-05-24,2024-09-01,user_1754750881_303_9028,user_1754750881_303_9028@example.com
user305,user305@example.com,User,305,Active,Default Group,User,Custom Value,2025-01-27,2025-03-17,2025-07-23,user_1754750881_304_1151,user_1754750881_304_1151@example.com
user306,user306@example.com,User,306,Active,Default Group,User,Custom Value,2025-07-25,2025-04-18,2025-08-03,user_1754750881_305_7908,user_1754750881_305_7908@example.com
user307,user307@example.com,User,307,Active,Default Group,User,Custom Value,2025-04-24,2025-04-25,2025-04-17,user_1754750881_306_5259,user_1754750881_306_5259@example.com
user308,user308@example.com,User,308,Active,Default Group,User,Custom Value,2024-10-26,2025-07-11,2025-05-17,user_1754750881_307_2987,user_1754750881_307_2987@example.com
user309,user309@example.com,User,309,Active,Default Group,User,Custom Value,2025-05-12,2025-04-11,2025-05-27,user_1754750881_308_2128,user_1754750881_308_2128@example.com
user310,user310@example.com,User,310,Disabled,Default Group,User,Custom Value,2025-05-30,2025-07-21,2025-03-23,user_1754750881_309_1573,user_1754750881_309_1573@example.com
user311,user311@example.com,User,311,Active,Default Group,User,Custom Value,2024-12-22,2025-01-21,2025-04-17,user_1754750881_310_9389,user_1754750881_310_9389@example.com
user312,user312@example.com,User,312,Active,Default Group,User,Custom Value,2024-09-17,2024-10-26,2025-07-01,user_1754750881_311_6482,user_1754750881_311_6482@example.com
user313,user313@example.com,User,313,Active,Default Group,User,Custom Value,2025-03-12,2025-01-30,2024-12-19,user_1754750881_312_2147,user_1754750881_312_2147@example.com
user314,user314@example.com,User,314,Active,Default Group,User,Custom Value,2025-08-06,2024-10-18,2025-09-02,user_1754750881_313_2304,user_1754750881_313_2304@example.com
user315,user315@example.com,User,315,Active,Default Group,User,Custom Value,2024-12-19,2025-01-31,2024-11-02,user_1754750881_314_2592,user_1754750881_314_2592@example.com
user316,user316@example.com,User,316,Active,Default Group,User,Custom Value,2025-02-16,2025-08-09,2024-12-01,user_1754750881_315_2157,user_1754750881_315_2157@example.com
user317,user317@example.com,User,317,Active,Default Group,User,Custom Value,2025-06-03,2024-11-28,2025-06-28,user_1754750881_316_9768,user_1754750881_316_9768@example.com
user318,user318@example.com,User,318,Active,Default Group,User,Custom Value,2024-11-01,2025-07-02,2024-09-12,user_1754750881_317_6063,user_1754750881_317_6063@example.com
user319,user319@example.com,User,319,Active,Default Group,User,Custom Value,2024-10-30,2024-11-02,2025-05-24,user_1754750881_318_4393,user_1754750881_318_4393@example.com
user320,user320@example.com,User,320,Disabled,Default Group,User,Custom Value,2024-12-09,2025-08-13,2025-08-03,user_1754750881_319_1503,user_1754750881_319_1503@example.com
user321,user321@example.com,User,321,Active,Default Group,User,Custom Value,2025-06-04,2024-11-15,2024-11-23,user_1754750881_320_4211,user_1754750881_320_4211@example.com
user322,user322@example.com,User,322,Active,Default Group,User,Custom Value,2025-06-20,2025-04-29,2025-03-18,user_1754750881_321_2494,user_1754750881_321_2494@example.com
user323,user323@example.com,User,323,Active,Default Group,User,Custom Value,2025-01-10,2025-07-19,2024-12-29,user_1754750881_322_2284,user_1754750881_322_2284@example.com
user324,user324@example.com,User,324,Active,Default Group,User,Custom Value,2025-02-24,2024-11-12,2024-09-11,user_1754750881_323_1195,user_1754750881_323_1195@example.com
user325,user325@example.com,User,325,Active,Default Group,User,Custom Value,2024-12-07,2025-01-02,2025-05-15,user_1754750881_324_8887,user_1754750881_324_8887@example.com
user326,user326@example.com,User,326,Active,Default Group,User,Custom Value,2025-05-11,2025-08-23,2024-11-18,user_1754750881_325_2904,user_1754750881_325_2904@example.com
user327,user327@example.com,User,327,Active,Default Group,User,Custom Value,2025-03-29,2025-01-04,2025-03-28,user_1754750881_326_2447,user_1754750881_326_2447@example.com
user328,user328@example.com,User,328,Active,Default Group,User,Custom Value,2025-05-24,2025-07-25,2025-09-01,user_1754750881_327_6898,user_1754750881_327_6898@example.com
user329,user329@example.com,User,329,Active,Default Group,User,Custom Value,2024-11-28,2025-07-08,2025-02-21,user_1754750881_328_5153,user_1754750881_328_5153@example.com
user330,user330@example.com,User,330,Disabled,Default Group,User,Custom Value,2024-09-19,2025-05-11,2025-01-12,user_1754750881_329_7537,user_1754750881_329_7537@example.com
user331,user331@example.com,User,331,Active,Default Group,User,Custom Value,2025-05-24,2025-02-15,2025-07-12,user_1754750881_330_3557,user_1754750881_330_3557@example.com
user332,user332@example.com,User,332,Active,Default Group,User,Custom Value,2025-04-09,2025-01-02,2025-05-17,user_1754750881_331_2187,user_1754750881_331_2187@example.com
user333,user333@example.com,User,333,Active,Default Group,User,Custom Value,2025-01-27,2024-08-22,2025-08-06,user_1754750881_332_7109,user_1754750881_332_7109@example.com
user334,user334@example.com,User,334,Active,Default Group,User,Custom Value,2025-08-01,2025-06-14,2024-11-08,user_1754750881_333_4258,user_1754750881_333_4258@example.com
user335,user335@example.com,User,335,Active,Default Group,User,Custom Value,2025-07-12,2024-11-23,2025-03-01,user_1754750881_334_9149,user_1754750881_334_9149@example.com
user336,user336@example.com,User,336,Active,Default Group,User,Custom Value,2024-08-13,2025-03-19,2025-08-31,user_1754750881_335_6682,user_1754750881_335_6682@example.com
user337,user337@example.com,User,337,Active,Default Group,User,Custom Value,2025-02-13,2025-07-03,2025-04-14,user_1754750881_336_8076,user_1754750881_336_8076@example.com
user338,user338@example.com,User,338,Active,Default Group,User,Custom Value,2024-08-25,2025-03-21,2024-11-06,user_1754750881_337_7929,user_1754750881_337_7929@example.com
user339,user339@example.com,User,339,Active,Default Group,User,Custom Value,2024-09-16,2025-08-08,2025-01-15,user_1754750881_338_5646,user_1754750881_338_5646@example.com
user340,user340@example.com,User,340,Disabled,Default Group,User,Custom Value,2025-05-09,2025-02-04,2024-09-08,user_1754750881_339_9171,user_1754750881_339_9171@example.com
user341,user341@example.com,User,341,Active,Default Group,User,Custom Value,2024-12-25,2024-12-06,2025-05-17,user_1754750881_340_6970,user_1754750881_340_6970@example.com
user342,user342@example.com,User,342,Active,Default Group,User,Custom Value,2024-12-17,2025-01-16,2025-06-07,user_1754750881_341_7179,user_1754750881_341_7179@example.com
user343,user343@example.com,User,343,Active,Default Group,User,Custom Value,2025-07-18,2024-10-13,2024-12-12,user_1754750881_342_8441,user_1754750881_342_8441@example.com
user344,user344@example.com,User,344,Active,Default Group,User,Custom Value,2025-06-11,2025-02-06,2025-06-20,user_1754750881_343_3922,user_1754750881_343_3922@example.com
user345,user345@example.com,User,345,Active,Default Group,User,Custom Value,2025-07-07,2024-09-19,2024-10-12,user_1754750881_344_3036,user_1754750881_344_3036@example.com
user346,user346@example.com,User,346,Active,Default Group,User,Custom Value,2025-07-06,2025-05-16,2025-01-11,user_1754750881_345_3420,user_1754750881_345_3420@example.com
user347,user347@example.com,User,347,Active,Default Group,User,Custom Value,2025-06-28,2025-07-12,2024-09-24,user_1754750881_346_7487,user_1754750881_346_7487@example.com
user348,user348@example.com,User,348,Active,Default Group,User,Custom Value,2025-08-08,2025-02-24,2025-07-02,user_1754750881_347_2374,user_1754750881_347_2374@example.com
user349,user349@example.com,User,349,Active,Default Group,User,Custom Value,2025-05-21,2024-10-12,2024-09-24,user_1754750881_348_4388,user_1754750881_348_4388@example.com
user350,user350@example.com,User,350,Disabled,Default Group,User,Custom Value,2025-03-10,2025-05-16,2025-03-29,user_1754750881_349_2197,user_1754750881_349_2197@example.com
user351,user351@example.com,User,351,Active,Default Group,User,Custom Value,2024-12-11,2025-01-31,2024-12-23,user_1754750881_350_1338,user_1754750881_350_1338@example.com
user352,user352@example.com,User,352,Active,Default Group,User,Custom Value,2025-02-24,2025-01-09,2025-06-18,user_1754750881_351_7648,user_1754750881_351_7648@example.com
user353,user353@example.com,User,353,Active,Default Group,User,Custom Value,2025-04-23,2025-06-13,2024-10-31,user_1754750881_352_7638,user_1754750881_352_7638@example.com
user354,user354@example.com,User,354,Active,Default Group,User,Custom Value,2024-09-22,2025-04-21,2024-12-02,user_1754750881_353_5502,user_1754750881_353_5502@example.com
user355,user355@example.com,User,355,Active,Default Group,User,Custom Value,2024-11-17,2024-11-18,2025-02-20,user_1754750881_354_4376,user_1754750881_354_4376@example.com
user356,user356@example.com,User,356,Active,Default Group,User,Custom Value,2024-11-02,2024-11-05,2025-06-03,user_1754750881_355_5979,user_1754750881_355_5979@example.com
user357,user357@example.com,User,357,Active,Default Group,User,Custom Value,2025-05-09,2025-06-29,2025-01-12,user_1754750881_356_8899,user_1754750881_356_8899@example.com
user358,user358@example.com,User,358,Active,Default Group,User,Custom Value,2024-08-11,2024-09-11,2025-01-16,user_1754750881_357_5780,user_1754750881_357_5780@example.com
user359,user359@example.com,User,359,Active,Default Group,User,Custom Value,2024-08-20,2025-01-25,2025-03-30,user_1754750881_358_3344,user_1754750881_358_3344@example.com
user360,user360@example.com,User,360,Disabled,Default Group,User,Custom Value,2024-09-11,2025-07-08,2024-09-21,user_1754750881_359_8715,user_1754750881_359_8715@example.com
