id,username,email,firstName,lastName,population,status,createdAt
user_1,user1@example.com,user1@example.com,User,1,pop_1,ENABLED,2025-08-01T09:54:24.053Z
user_2,user2@example.com,user2@example.com,User,2,pop_2,ENABLED,2025-08-01T09:54:24.053Z
user_3,user3@example.com,user3@example.com,User,3,pop_3,ENABLED,2025-08-01T09:54:24.053Z
user_4,user4@example.com,user4@example.com,User,4,pop_4,ENABLED,2025-08-01T09:54:24.053Z
user_5,user5@example.com,user5@example.com,User,5,pop_0,ENABLED,2025-08-01T09:54:24.053Z
user_6,user6@example.com,user6@example.com,User,6,pop_1,ENABLED,2025-08-01T09:54:24.053Z
user_7,user7@example.com,user7@example.com,User,7,pop_2,ENABLED,2025-08-01T09:54:24.053Z
user_8,user8@example.com,user8@example.com,User,8,pop_3,ENABLED,2025-08-01T09:54:24.053Z
user_9,user9@example.com,user9@example.com,User,9,pop_4,ENABLED,2025-08-01T09:54:24.053Z
user_10,user10@example.com,user10@example.com,User,10,pop_0,ENABLED,2025-08-01T09:54:24.053Z
user_11,user11@example.com,user11@example.com,User,11,pop_1,ENABLED,2025-08-01T09:54:24.053Z
user_12,user12@example.com,user12@example.com,User,12,pop_2,ENABLED,2025-08-01T09:54:24.053Z
user_13,user13@example.com,user13@example.com,User,13,pop_3,ENABLED,2025-08-01T09:54:24.053Z
user_14,user14@example.com,user14@example.com,User,14,pop_4,ENABLED,2025-08-01T09:54:24.053Z
user_15,user15@example.com,user15@example.com,User,15,pop_0,ENABLED,2025-08-01T09:54:24.053Z
user_16,user16@example.com,user16@example.com,User,16,pop_1,ENABLED,2025-08-01T09:54:24.053Z
user_17,user17@example.com,user17@example.com,User,17,pop_2,ENABLED,2025-08-01T09:54:24.053Z
user_18,user18@example.com,user18@example.com,User,18,pop_3,ENABLED,2025-08-01T09:54:24.053Z
user_19,user19@example.com,user19@example.com,User,19,pop_4,ENABLED,2025-08-01T09:54:24.053Z
user_20,user20@example.com,user20@example.com,User,20,pop_0,ENABLED,2025-08-01T09:54:24.053Z
user_21,user21@example.com,user21@example.com,User,21,pop_1,ENABLED,2025-08-01T09:54:24.053Z
user_22,user22@example.com,user22@example.com,User,22,pop_2,ENABLED,2025-08-01T09:54:24.053Z
user_23,user23@example.com,user23@example.com,User,23,pop_3,ENABLED,2025-08-01T09:54:24.053Z
user_24,user24@example.com,user24@example.com,User,24,pop_4,ENABLED,2025-08-01T09:54:24.053Z
user_25,user25@example.com,user25@example.com,User,25,pop_0,ENABLED,2025-08-01T09:54:24.053Z
user_26,user26@example.com,user26@example.com,User,26,pop_1,ENABLED,2025-08-01T09:54:24.053Z
user_27,user27@example.com,user27@example.com,User,27,pop_2,ENABLED,2025-08-01T09:54:24.053Z
user_28,user28@example.com,user28@example.com,User,28,pop_3,ENABLED,2025-08-01T09:54:24.053Z
user_29,user29@example.com,user29@example.com,User,29,pop_4,ENABLED,2025-08-01T09:54:24.053Z
user_30,user30@example.com,user30@example.com,User,30,pop_0,ENABLED,2025-08-01T09:54:24.053Z
user_31,user31@example.com,user31@example.com,User,31,pop_1,ENABLED,2025-08-01T09:54:24.053Z
user_32,user32@example.com,user32@example.com,User,32,pop_2,ENABLED,2025-08-01T09:54:24.053Z
user_33,user33@example.com,user33@example.com,User,33,pop_3,ENABLED,2025-08-01T09:54:24.053Z
user_34,user34@example.com,user34@example.com,User,34,pop_4,ENABLED,2025-08-01T09:54:24.053Z
user_35,user35@example.com,user35@example.com,User,35,pop_0,ENABLED,2025-08-01T09:54:24.053Z
user_36,user36@example.com,user36@example.com,User,36,pop_1,ENABLED,2025-08-01T09:54:24.053Z
user_37,user37@example.com,user37@example.com,User,37,pop_2,ENABLED,2025-08-01T09:54:24.053Z
user_38,user38@example.com,user38@example.com,User,38,pop_3,ENABLED,2025-08-01T09:54:24.053Z
user_39,user39@example.com,user39@example.com,User,39,pop_4,ENABLED,2025-08-01T09:54:24.053Z
user_40,user40@example.com,user40@example.com,User,40,pop_0,ENABLED,2025-08-01T09:54:24.053Z
user_41,user41@example.com,user41@example.com,User,41,pop_1,ENABLED,2025-08-01T09:54:24.053Z
user_42,user42@example.com,user42@example.com,User,42,pop_2,ENABLED,2025-08-01T09:54:24.053Z
user_43,user43@example.com,user43@example.com,User,43,pop_3,ENABLED,2025-08-01T09:54:24.053Z
user_44,user44@example.com,user44@example.com,User,44,pop_4,ENABLED,2025-08-01T09:54:24.053Z
user_45,user45@example.com,user45@example.com,User,45,pop_0,ENABLED,2025-08-01T09:54:24.053Z
user_46,user46@example.com,user46@example.com,User,46,pop_1,ENABLED,2025-08-01T09:54:24.053Z
user_47,user47@example.com,user47@example.com,User,47,pop_2,ENABLED,2025-08-01T09:54:24.053Z
user_48,user48@example.com,user48@example.com,User,48,pop_3,ENABLED,2025-08-01T09:54:24.053Z
user_49,user49@example.com,user49@example.com,User,49,pop_4,ENABLED,2025-08-01T09:54:24.053Z
user_50,user50@example.com,user50@example.com,User,50,pop_0,ENABLED,2025-08-01T09:54:24.053Z
user_51,user51@example.com,user51@example.com,User,51,pop_1,ENABLED,2025-08-01T09:54:24.053Z
user_52,user52@example.com,user52@example.com,User,52,pop_2,ENABLED,2025-08-01T09:54:24.053Z
user_53,user53@example.com,user53@example.com,User,53,pop_3,ENABLED,2025-08-01T09:54:24.053Z
user_54,user54@example.com,user54@example.com,User,54,pop_4,ENABLED,2025-08-01T09:54:24.053Z
user_55,user55@example.com,user55@example.com,User,55,pop_0,ENABLED,2025-08-01T09:54:24.053Z
user_56,user56@example.com,user56@example.com,User,56,pop_1,ENABLED,2025-08-01T09:54:24.053Z
user_57,user57@example.com,user57@example.com,User,57,pop_2,ENABLED,2025-08-01T09:54:24.053Z
user_58,user58@example.com,user58@example.com,User,58,pop_3,ENABLED,2025-08-01T09:54:24.053Z
user_59,user59@example.com,user59@example.com,User,59,pop_4,ENABLED,2025-08-01T09:54:24.053Z
user_60,user60@example.com,user60@example.com,User,60,pop_0,ENABLED,2025-08-01T09:54:24.053Z
user_61,user61@example.com,user61@example.com,User,61,pop_1,ENABLED,2025-08-01T09:54:24.053Z
user_62,user62@example.com,user62@example.com,User,62,pop_2,ENABLED,2025-08-01T09:54:24.053Z
user_63,user63@example.com,user63@example.com,User,63,pop_3,ENABLED,2025-08-01T09:54:24.053Z
user_64,user64@example.com,user64@example.com,User,64,pop_4,ENABLED,2025-08-01T09:54:24.053Z
user_65,user65@example.com,user65@example.com,User,65,pop_0,ENABLED,2025-08-01T09:54:24.053Z
user_66,user66@example.com,user66@example.com,User,66,pop_1,ENABLED,2025-08-01T09:54:24.053Z
user_67,user67@example.com,user67@example.com,User,67,pop_2,ENABLED,2025-08-01T09:54:24.053Z
user_68,user68@example.com,user68@example.com,User,68,pop_3,ENABLED,2025-08-01T09:54:24.053Z
user_69,user69@example.com,user69@example.com,User,69,pop_4,ENABLED,2025-08-01T09:54:24.053Z
user_70,user70@example.com,user70@example.com,User,70,pop_0,ENABLED,2025-08-01T09:54:24.053Z
user_71,user71@example.com,user71@example.com,User,71,pop_1,ENABLED,2025-08-01T09:54:24.053Z
user_72,user72@example.com,user72@example.com,User,72,pop_2,ENABLED,2025-08-01T09:54:24.053Z
user_73,user73@example.com,user73@example.com,User,73,pop_3,ENABLED,2025-08-01T09:54:24.053Z
user_74,user74@example.com,user74@example.com,User,74,pop_4,ENABLED,2025-08-01T09:54:24.053Z
user_75,user75@example.com,user75@example.com,User,75,pop_0,ENABLED,2025-08-01T09:54:24.053Z
user_76,user76@example.com,user76@example.com,User,76,pop_1,ENABLED,2025-08-01T09:54:24.053Z
user_77,user77@example.com,user77@example.com,User,77,pop_2,ENABLED,2025-08-01T09:54:24.053Z
user_78,user78@example.com,user78@example.com,User,78,pop_3,ENABLED,2025-08-01T09:54:24.053Z
user_79,user79@example.com,user79@example.com,User,79,pop_4,ENABLED,2025-08-01T09:54:24.053Z
user_80,user80@example.com,user80@example.com,User,80,pop_0,ENABLED,2025-08-01T09:54:24.053Z
user_81,user81@example.com,user81@example.com,User,81,pop_1,ENABLED,2025-08-01T09:54:24.053Z
user_82,user82@example.com,user82@example.com,User,82,pop_2,ENABLED,2025-08-01T09:54:24.053Z
user_83,user83@example.com,user83@example.com,User,83,pop_3,ENABLED,2025-08-01T09:54:24.053Z
user_84,user84@example.com,user84@example.com,User,84,pop_4,ENABLED,2025-08-01T09:54:24.053Z
user_85,user85@example.com,user85@example.com,User,85,pop_0,ENABLED,2025-08-01T09:54:24.053Z
user_86,user86@example.com,user86@example.com,User,86,pop_1,ENABLED,2025-08-01T09:54:24.053Z
user_87,user87@example.com,user87@example.com,User,87,pop_2,ENABLED,2025-08-01T09:54:24.053Z
user_88,user88@example.com,user88@example.com,User,88,pop_3,ENABLED,2025-08-01T09:54:24.053Z
user_89,user89@example.com,user89@example.com,User,89,pop_4,ENABLED,2025-08-01T09:54:24.053Z
user_90,user90@example.com,user90@example.com,User,90,pop_0,ENABLED,2025-08-01T09:54:24.053Z
user_91,user91@example.com,user91@example.com,User,91,pop_1,ENABLED,2025-08-01T09:54:24.053Z
user_92,user92@example.com,user92@example.com,User,92,pop_2,ENABLED,2025-08-01T09:54:24.053Z
user_93,user93@example.com,user93@example.com,User,93,pop_3,ENABLED,2025-08-01T09:54:24.053Z
user_94,user94@example.com,user94@example.com,User,94,pop_4,ENABLED,2025-08-01T09:54:24.053Z
user_95,user95@example.com,user95@example.com,User,95,pop_0,ENABLED,2025-08-01T09:54:24.053Z
user_96,user96@example.com,user96@example.com,User,96,pop_1,ENABLED,2025-08-01T09:54:24.053Z
user_97,user97@example.com,user97@example.com,User,97,pop_2,ENABLED,2025-08-01T09:54:24.053Z
user_98,user98@example.com,user98@example.com,User,98,pop_3,ENABLED,2025-08-01T09:54:24.053Z
user_99,user99@example.com,user99@example.com,User,99,pop_4,ENABLED,2025-08-01T09:54:24.053Z
user_100,user100@example.com,user100@example.com,User,100,pop_0,ENABLED,2025-08-01T09:54:24.053Z
